{
  "train_loss": [
    1.6717600812677478,
    0.5318009860691477,
    0.31855150190044623,
    0.29562972559303535,
    0.1745917593724415,
    0.1307258273734421,
    0.09013543713868397,
    0.08369918042396912
  ],
  "train_acc": [
    48.60681114551084,
    78.68937048503612,
    87.25490196078431,
    89.0092879256966,
    92.87925696594428,
    95.25283797729618,
    96.59442724458205,
    97.11042311661507
  ],
  "val_loss": [
    0.6798560836098411,
    0.3313470902768048,
    0.28773155131123285,
    0.24831450120969253,
    0.3185185600410808,
    0.1229677904735912,
    0.10291571017693389,
    0.11501552824946967
  ],
  "val_acc": [
    68.71345029239767,
    84.7953216374269,
    88.59649122807018,
    89.18128654970761,
    89.47368421052632,
    93.5672514619883,
    95.32163742690058,
    95.6140350877193
  ]
}